Date,CO2,Crude,Transportation(IYT),Industry(DJI),Agriculture(DBA),XLE,Petroleum Consumption
"Jan 24, 2011",392.26,90.05,81.204811,12062.25977,33.480232,51.649887,19035
"Jan 31, 2011",391.63,87.27,83.272362,12229.29004,34.054962,53.843414,18787
"Feb 07, 2011",391.84,90.68,85.437958,12318.13965,34.327717,53.828884,19157
"Feb 14, 2011",392.24,86.69,80.928551,12068.5,33.129555,55.942516,19793
"Feb 21, 2011",392.26,85.34,82.621819,12258.2002,34.522533,56.610767,19664
"Feb 28, 2011",392.07,96.71,82.131653,11984.61035,33.285412,56.901299,18958
"Mar 07, 2011",392.69,101.03,81.160255,11774.58984,32.54509,54.555222,19669
"Mar 14, 2011",393.09,103.74,83.477341,12170.55957,33.051628,54.758595,19111
"Mar 21, 2011",394.21,99.77,85.455795,12319.73047,33.343861,57.347923,19310
"Mar 28, 2011",393.19,104.62,85.998161,12409.49023,33.382828,58.295349,18605
"Apr 04, 2011",393.28,105.54,84.907951,12285.15039,33.110077,58.098576,19183
"Apr 11, 2011",393.73,109.75,85.51561,12505.99023,33.528942,56.254745,19258
"Apr 18, 2011",393.5,108.21,88.938019,12763.30957,32.827579,57.559269,19274
"Apr 25, 2011",394.33,109.75,88.392952,12584.16992,31.541754,58.652462,19588
"May 02, 2011",393.08,112.81,88.473351,12695.91992,31.600199,54.512978,18332
"May 09, 2011",395.1,106.16,88.955894,12605.32031,31.833986,53.776897,18164
"May 16, 2011",395.29,100.65,87.731689,12402.75977,31.950882,54.389076,18515
"May 23, 2011",394.41,98.46,86.105362,12248.54981,31.921658,55.635284,18916
"May 30, 2011",393.7,99.89,83.272728,12124.36035,32.291821,54.848206,19134
"Jun 06, 2011",394,100.9,82.897423,11961.51953,31.317709,53.441654,19222
"Jun 13, 2011",393.75,100.01,86.016014,12050,31.385897,52.239162,18806
"Jun 20, 2011",393.65,95.89,87.535095,12414.33984,30.918322,51.883194,19037
"Jun 27, 2011",393.71,92.85,90.93589,12719.49023,31.85347,55.635639,18877
"Jul 04, 2011",393.49,93.73,86.640182,12437.12012,32.077518,56.242771,19232
"Jul 11, 2011",391.52,97.1,87.734291,12724.41016,31.746317,56.22081,18513
"Jul 18, 2011",392.18,96.71,83.815247,12240.11035,31.668386,58.320137,18853
"Jul 25, 2011",391.4,98.11,76.156555,11383.67969,31.18133,55.920895,18426
"Aug 01, 2011",390.8,97.87,73.744156,11143.30957,31.376152,49.791187,19641
"Aug 08, 2011",390.34,90.82,69.583,10990.58008,31.872953,48.979256,20293
"Aug 15, 2011",389.59,82.92,70.273514,11149.82031,32.535347,46.258183,19414
"Aug 22, 2011",389.7,85.35,74.33606,11493.57031,32.847065,48.13805,19243
"Aug 29, 2011",389.24,85.08,72.398933,11295.80957,32.515869,48.437973,19562
"Sep 05, 2011",389.35,88.07,75.474983,11433.17969,31.541754,47.465126,19386
"Sep 12, 2011",389.29,87.91,67.251289,10733.83008,29.60327,49.074337,18654
"Sep 19, 2011",388.87,88.93,69.950691,11153.98047,29.924726,43.105915,19024
"Sep 26, 2011",388.98,83.77,71.502876,11123.33008,29.320778,42.966373,19083
"Oct 03, 2011",389.01,81.45,74.183167,11478.12988,30.012398,44.721455,19101
"Oct 10, 2011",389.23,79.71,76.159576,11541.78027,29.983175,48.9072,18737
"Oct 17, 2011",389.44,85.56,81.096092,12208.54981,30.30463,50.33918,18329
"Oct 24, 2011",389.81,86.71,79.48069,12044.46973,29.944208,53.636368,18884
"Oct 31, 2011",389.97,92.38,78.145027,11893.86035,29.135696,52.329243,18641
"Nov 07, 2011",390.66,93.24,77.549416,11770.73047,28.716827,53.063587,20037
"Nov 14, 2011",390.7,96.97,73.470222,11257.54981,28.064173,50.045441,19311
"Nov 21, 2011",391.34,99.27,79.128716,12020.03027,28.151842,46.873077,18585
"Nov 28, 2011",391.56,96.97,78.478943,11997.7002,27.586859,51.712391,17946
"Dec 05, 2011",392.21,99.9,78.045776,11868.80957,26.895239,51.543503,18308
"Dec 12, 2011",392.65,100.1,80.942719,12169.65039,27.801163,48.569405,18409
"Dec 19, 2011",392.4,96.05,81.361259,12287.04004,28.025208,51.326561,19324
"Dec 26, 2011",393.15,97.8,81.868301,12415.7002,27.664787,50.979973,18499
"Jan 02, 2012",393.57,99.8,84.113762,12471.01953,28.064173,51.946033,18023
"Jan 09, 2012",393.17,102.39,85.580536,12623.98047,28.103138,51.20858,17811
"Jan 16, 2012",393.53,100.44,85.643913,12734.62988,28.541487,52.63924,17902
"Jan 23, 2012",393.43,100.04,85.788773,12705.41016,28.297958,52.712975,19241
"Jan 30, 2012",393.9,99.44,85.843117,12890.45996,28.161583,53.664276,17704
"Feb 06, 2012",393.68,97.81,85.263664,12904.08008,28.181067,53.863384,17618
"Feb 13, 2012",394.61,98.51,83.489044,12984.69043,28.239513,55.212936,18655
"Feb 20, 2012",394.45,101.8,84.34919,12980.29981,28.726568,56.21587,18237
"Feb 27, 2012",393.73,107.43,83.280762,12907.94043,27.742714,55.117081,18256
"Mar 05, 2012",394.46,107.54,86.558418,13252.75977,27.947281,54.711483,18178
"Mar 12, 2012",394.98,106.31,84.340103,13046.13965,27.606339,55.16132,18571
"Mar 19, 2012",395.32,106.13,84.919579,13145.82031,26.875757,53.494015,17674
"Mar 26, 2012",395.51,106.64,85.412239,13060.13965,27.226437,53.116474,18204
"Apr 02, 2012",396.81,105.11,84.867981,12986.58008,27.255659,52.191078,18186
"Apr 09, 2012",396.35,103.51,84.496071,12964.09961,26.554298,50.858551,19005
"Apr 16, 2012",396.8,102.53,84.632141,13204.62012,26.37896,51.051033,18863
"Apr 23, 2012",397.11,103.02,85.484818,13206.58984,26.330254,52.413166,18756
"Apr 30, 2012",397.32,104.05,83.235222,12855.04004,25.989313,50.562443,18544
"May 07, 2012",397.18,103.46,80.160156,12442.49023,26.281546,49.851742,18603
"May 14, 2012",396.31,96.99,82.944939,12529.75,25.570446,47.334728,19013
"May 21, 2012",396.48,93.12,82.763512,12393.4502,25.404846,48.215672,18683
"May 28, 2012",395.93,91.13,81.538933,12460.95996,25.891903,45.928169,18320
"Jun 04, 2012",396.43,87.09,82.4823,12651.91016,25.434071,47.749279,18226
"Jun 11, 2012",395.77,84.44,83.307747,12573.57031,25.833458,48.57843,19405
"Jun 18, 2012",395.45,83.32,82.646889,12602.25977,27.041355,47.19141,18599
"Jun 25, 2012",395.15,81.41,85.605675,12896.66992,28.541487,49.370972,19064
"Jul 02, 2012",394.56,80.29,82.801636,12573.26953,28.453815,49.311459,19601
"Jul 09, 2012",394.66,85.77,84.458588,12943.36035,29.320778,49.668514,18535
"Jul 16, 2012",394.28,85.78,81.326767,12887.92969,28.814238,51.171135,18596
"Jul 23, 2012",393.62,90.32,80.917107,12878.87988,29.096731,52.234894,19076
"Jul 30, 2012",393.43,89.03,82.082413,13165.19043,29.379223,52.398556,19150
"Aug 06, 2012",392.71,89.06,84.103516,13250.11035,28.833721,53.834221,18946
"Aug 13, 2012",391.57,93.09,83.156685,13057.45996,29.077251,53.982998,20026
"Aug 20, 2012",391.99,94.42,81.108269,13000.70996,29.622751,53.544102,18747
"Aug 27, 2012",392.06,96.47,81.991364,13292,29.427929,53.209362,19116
"Sep 03, 2012",391.1,95.68,84.631531,13539.86035,29.739647,54.6376,18942
"Sep 10, 2012",390.99,95.65,80.71682,13596.92969,28.785015,56.958496,17999
"Sep 17, 2012",391.09,97.61,80.024872,13485.96973,28.22003,55.552574,18334
"Sep 24, 2012",391.02,93.73,81.445732,13575.36035,28.541487,54.867279,18315
"Oct 01, 2012",391.18,91.46,81.080513,13326.38965,28.424593,54.979385,18720
"Oct 08, 2012",391.11,90.82,83.47274,13548.94043,28.453815,54.217228,18719
"Oct 15, 2012",391.56,91.38,81.381798,13103.67969,28.190807,55.16618,19519
"Oct 22, 2012",391.78,91.64,83.427109,13232.62012,28.229773,53.768902,19136
"Oct 29, 2012",392.52,86.69,81.966171,12811.32031,28.03495,53.096416,18326
"Nov 05, 2012",393.48,85.88,79.665245,12542.37988,27.635563,51.968136,18371
"Nov 12, 2012",393.39,85.99,80.998337,12836.88965,27.947281,51.497398,19346
"Nov 19, 2012",393.93,85.88,83.545784,13021.82031,28.327183,53.507393,19437
"Nov 26, 2012",393.88,87.92,83.171425,13074.04004,28.122622,53.096416,18969
"Dec 03, 2012",394.62,87.68,84.623199,13170.71973,27.577116,53.470028,18337
"Dec 10, 2012",394.75,87.53,87.198059,13311.71973,27.372553,53.215988,18825
"Dec 17, 2012",395.06,86.15,85.798737,13096.30957,27.362812,53.851097,19955
"Dec 24, 2012",394.73,88.69,89.159607,13391.36035,27.138767,52.443226,18857
"Dec 31, 2012",395.59,90.32,91.027794,13471.21973,26.982908,55.417244,18894
"Jan 07, 2013",396.21,92.74,92.712822,13596.01953,27.109543,55.282078,17755
"Jan 14, 2013",396.01,93.36,95.359406,13825.33008,26.904982,56.693958,17954
"Jan 21, 2013",395.99,94.54,94.370369,13860.58008,27.187473,57.745369,18645
"Jan 28, 2013",396.86,95.83,95.826439,13944.04981,26.486113,58.631557,18681
"Feb 04, 2013",397.2,97.44,96.833801,13973.38965,25.852938,59.014591,18052
"Feb 11, 2013",397.37,96.2,95.689079,13880.62012,25.628891,58.916962,19048
"Feb 18, 2013",396.96,96.94,97.685463,14054.49023,25.71656,58.556469,18412
"Feb 25, 2013",397.88,94.27,99.342995,14329.49023,25.560705,58.421276,18680
"Mar 04, 2013",397.17,92.25,102.548225,14539.13965,25.677599,59.322491,18296
"Mar 11, 2013",397.58,90.98,100.029831,14421.49023,25.473034,59.780647,18597
"Mar 18, 2013",398.19,92.72,101.925499,14578.54004,25.229506,59.40731,17765
"Mar 25, 2013",398.3,93,98.088699,14606.11035,25.171059,59.829746,18873
"Apr 01, 2013",398,96.24,100.576241,14865.13965,25.112614,58.313454,18966
"Apr 08, 2013",398.19,94.93,97.106514,14537.13965,25.25873,58.841496,18121
"Apr 15, 2013",399.44,93.4,99.887787,14700.79981,25.171059,56.246449,18461
"Apr 22, 2013",399.76,87.97,99.731789,14831.58008,25.628891,58.222942,18610
"Apr 29, 2013",399.75,91.2,104.045959,15082.62012,25.385365,59.950443,17937
"May 06, 2013",399.98,93.72,106.04702,15233.21973,24.83012,60.553951,19100
"May 13, 2013",400.17,96.17,105.202545,15294.5,24.703485,61.949589,18516
"May 20, 2013",400.12,94.97,104.110222,15324.53027,24.839861,61.640255,18846
"May 27, 2013",399.4,95.11,101.668564,15040.62012,25.122355,60.727467,18286
"Jun 03, 2013",398.8,93.43,104.1194,15176.08008,24.820379,61.338505,18779
"Jun 10, 2013",398.33,94.26,100.805725,14758.32031,24.56711,60.282383,17923
"Jun 17, 2013",398.84,96.31,101.37484,15024.49023,24.596334,58.969753,18419
"Jun 24, 2013",398.43,96.71,101.409698,14988.37012,24.255394,59.35091,18967
"Jul 01, 2013",397.93,95.92,106.140587,15460.91992,24.4697,60.6092,20392
"Jul 08, 2013",397.27,100.51,108.100998,15548.54004,24.4697,62.087269,19239
"Jul 15, 2013",397.01,104.81,105.86441,15555.61035,24.119019,63.45924,19467
"Jul 22, 2013",396.87,106.98,109.711678,15628.01953,23.77808,62.913494,19787
"Jul 29, 2013",395.86,105.94,107.189819,15498.32031,24.157982,63.209122,19664
"Aug 05, 2013",395.32,105.5,104.170891,15112.19043,24.645037,62.602722,19688
"Aug 12, 2013",395.34,105.12,106.554726,14963.74023,24.070313,61.571854,19088
"Aug 19, 2013",394.42,106.92,103.949982,14840.9502,24.479439,61.973598,19337
"Aug 26, 2013",394.05,105.47,105.063683,14937.48047,24.518404,61.829567,19449
"Sep 02, 2013",393.59,108.3,107.438332,15300.63965,24.966496,62.822514,18911
"Sep 09, 2013",393.73,108.67,110.806976,15636.54981,24.703485,63.633583,18360
"Sep 16, 2013",393.58,108.26,109.233116,15328.29981,24.83012,63.701801,19820
"Sep 23, 2013",393.52,106.23,108.459717,14996.48047,24.674261,63.624153,19261
"Sep 30, 2013",393.55,103.06,109.087181,15126.07031,24.917789,63.768826,18681
"Oct 07, 2013",393.88,103.12,111.237198,15371.65039,25.073648,64.187645,19044
"Oct 14, 2013",394.19,102.63,115.924728,15509.20996,24.869085,66.205658,18990
"Oct 21, 2013",394.44,101.48,115.0112,15545.75,24.40151,65.946747,18269
"Oct 28, 2013",394.67,97.77,114.236115,15593.98047,24.157982,65.550774,20136
"Nov 04, 2013",395.73,96.93,118.111641,15876.21973,24.089794,65.908676,20223
"Nov 11, 2013",395.07,94.32,118.388489,16009.99023,24.196947,66.753967,20297
"Nov 18, 2013",396.2,93.93,119.901794,16097.33008,24.099535,67.188004,20438
"Nov 25, 2013",396.46,94,118.083954,15821.50977,23.924196,65.824928,19635
"Dec 02, 2013",396.33,93.2,116.727501,15739.42969,24.002125,65.802078,19973
"Dec 09, 2013",397.61,96.42,118.877518,16179.08008,23.846266,64.827339,18554
"Dec 16, 2013",397.46,97.48,121.175171,16479.88086,23.87549,66.000061,20996
"Dec 23, 2013",397.6,98.12,120.294426,16441.34961,23.544292,67.546867,20484
"Dec 30, 2013",398.41,99.5,122.171684,16444.75977,23.495588,66.506401,19004
"Jan 06, 2014",397.93,96.78,123.39238,16417.00977,23.719633,66.483444,18222
"Jan 13, 2014",398.15,92.76,125.343643,16197.34961,23.641705,65.802536,18858
"Jan 20, 2014",398.02,93.38,120.923248,15848.61035,23.748856,64.517242,18959
"Jan 27, 2014",398.16,96.42,118.925728,15628.53027,24.450216,63.790459,20047
"Feb 03, 2014",398.06,97.24,120.682816,16027.58984,24.83012,64.29541,19110
"Feb 10, 2014",398.27,97.74,120.164948,16133.23047,25.940607,65.817856,18541
"Feb 17, 2014",398.47,100.2,121.413353,16272.65039,26.447145,66.108566,18709
"Feb 24, 2014",398.64,102.72,125.482399,16421.89063,27.586859,67.057236,18283
"Mar 03, 2014",400.07,102.45,124.206161,16108.88965,28.03495,67.340309,18291
"Mar 10, 2014",401.36,102.77,124.982994,16331.04981,27.382294,66.085625,19027
"Mar 17, 2014",400.3,99.25,122.532333,16264.23047,27.713493,66.60585,18783
"Mar 24, 2014",400.8,99.41,127.304169,16572.55078,27.275143,68.471092,18257
"Mar 31, 2014",401.29,100.4,123.057625,16170.21973,28.03495,69.316765,18199
"Apr 07, 2014",401.72,100.47,126.580978,16408.53906,28.13236,68.00209,18289
"Apr 14, 2014",401.77,102.75,127.832657,16501.65039,28.453815,71.338768,18412
"Apr 21, 2014",401.92,103.97,128.055252,16558.86914,28.375889,71.677048,18051
"Apr 28, 2014",401.9,102.1,127.832657,16550.9707,28.13236,72.05378,18849
"May 05, 2014",401.91,100.21,129.279099,16446.81055,27.86935,72.015335,18552
"May 12, 2014",401.93,100,131.597153,16543.08008,27.479704,71.807755,19447
"May 19, 2014",402,101.64,134.768097,16698.74023,27.2654,72.384369,18855
"May 26, 2014",401.99,103.44,135.472794,16836.10938,26.632229,73.276192,19563
"Jun 02, 2014",401.68,103.28,132.821045,16734.18945,26.768604,74.429413,18586
"Jun 09, 2014",401.21,102.58,136.353638,16921.46094,27.031614,75.667206,18025
"Jun 16, 2014",401.12,105.32,135.546997,16846.13086,27.323847,77.59697,18557
"Jun 23, 2014",400.43,106.58,138.121124,17068.25977,26.67119,77.254364,18807
"Jun 30, 2014",400.12,106.06,136.987915,16915.07031,25.628891,77.540123,19433
"Jul 07, 2014",399.1,104.81,137.582397,16976.81055,25.589928,76.003105,19248
"Jul 14, 2014",399.12,102.6,140.629028,17083.80078,25.960091,76.458824,19277
"Jul 21, 2014",397.77,101.68,135.455353,16563.30078,26.115948,77.115326,19311
"Jul 28, 2014",398.06,103.26,132.919525,16368.26953,25.804232,74.033478,19607
"Aug 04, 2014",397.5,99.79,137.665985,16713.58008,25.375622,74.612793,20335
"Aug 11, 2014",397.04,97.52,140.229645,17039.49023,25.210022,74.435135,19825
"Aug 18, 2014",396.59,97.19,140.006653,17079.57031,25.71656,74.929466,19885
"Aug 25, 2014",396.63,94.91,142.48674,17069.58008,25.697081,76.265724,19183
"Sep 01, 2014",395.27,94.32,142.598221,17049,25.005461,74.983559,19955
"Sep 08, 2014",395.33,94.04,144.52095,17265.99023,24.635298,72.264717,18596
"Sep 15, 2014",395.71,92.44,139.282211,16945.80078,24.489182,72.442383,19749
"Sep 22, 2014",395.58,93.54,137.962402,16801.05078,25.151577,71.409927,19177
"Sep 29, 2014",395.82,92.39,133.728439,16659.25,25.78475,68.451973,19400
"Oct 06, 2014",395.91,91.44,133.784256,16117.24023,25.71656,64.865173,19019
"Oct 13, 2014",396.12,87.62,141.377502,16677.90039,25.248989,64.205269,19595
"Oct 20, 2014",397.81,82.96,143.768997,17195.41992,25.054165,66.456711,18645
"Oct 27, 2014",397.04,81.83,149.240616,17554.4707,24.645037,67.869713,20061
"Nov 03, 2014",397.46,81.26,151.390152,17652.78906,25.229506,68.156982,19607
"Nov 10, 2014",397.6,78.24,151.166855,17719,24.966496,66.930313,19844
"Nov 17, 2014",398.15,76.51,153.623459,17827.75,25.09313,68.708176,19702
"Nov 24, 2014",398.47,75.38,152.544052,17900.09961,24.693745,61.969337,20480
"Dec 01, 2014",399.39,72.43,149.463913,17596.33984,24.518404,62.326477,19831
"Dec 08, 2014",399.36,67.18,149.566299,17778.15039,24.820379,57.466419,19454
"Dec 15, 2014",399.11,61.11,153.27916,18030.21094,24.479439,62.551605,20465
"Dec 22, 2014",400.03,55.79,152.913361,17823.07031,24.245651,62.580841,21037
"Dec 29, 2014",400.05,55.74,149.800476,17907.86914,24.255394,62.127731,19939
"Jan 05, 2015",400.36,53.42,144.86084,17320.71094,23.61248,59.651375,19353
"Jan 12, 2015",399.7,48.75,152.885422,17813.98047,23.115683,58.768654,19257
"Jan 19, 2015",400.39,47.08,148.197418,17416.84961,22.599405,59.88575,20246
"Jan 26, 2015",400.44,46.52,149.996185,17884.88086,22.618883,59.018639,20515
"Feb 02, 2015",400.14,45.72,150.797714,17972.38086,22.75526,62.354282,18619
"Feb 09, 2015",400.11,50.65,151.990662,17985.76953,22.74552,64.088539,19651
"Feb 16, 2015",401.53,51.14,152.251633,18214.41992,22.365616,62.916759,20399
"Feb 23, 2015",401.48,51.79,150.900223,18135.7207,22.014936,61.729347,19813
"Mar 02, 2015",402.23,49.53,150.956161,17895.2207,21.829853,59.979477,19658
"Mar 09, 2015",400.98,50.4,152.876068,17959.0293,21.683737,58.299931,18617
"Mar 16, 2015",401.97,47.67,145.009995,17678.23047,21.810371,60.081047,19530
"Mar 23, 2015",402,44.34,144.191559,17763.24023,22.151312,60.088169,18712
"Mar 30, 2015",403.4,48.89,145.827362,17958.73047,21.859079,61.126339,19481
"Apr 06, 2015",404.23,48.88,145.696503,18105.76953,21.800629,63.029636,19099
"Apr 13, 2015",403.27,51.79,149.005478,18058.68945,21.70322,64.421745,18995
"Apr 20, 2015",403.99,54.81,143.929886,17840.51953,21.712961,64.476799,19145
"Apr 27, 2015",404.33,56.54,146.023666,17924.06055,21.537621,65.176773,19600
"May 04, 2015",404.16,58.28,144.163544,18252.24023,22.131828,64.303764,18224
"May 11, 2015",404.16,59.72,143.406403,18285.74023,21.849337,63.446487,20654
"May 18, 2015",403.99,60.01,140.443314,18126.11914,21.410986,63.076828,20292
"May 25, 2015",403.37,59.22,141.761276,17905.58008,21.790892,61.653286,19971
"Jun 01, 2015",403.41,58.38,141.994995,18039.36914,21.479174,61.08699,18867
"Jun 08, 2015",402.56,59.65,141.854736,18115.83984,21.401243,60.520744,19802
"Jun 15, 2015",402.88,60.09,137.91954,17890.35938,21.829853,59.702785,19971
"Jun 22, 2015",402.33,59.89,136.406967,17730.10938,22.667591,60.233978,20668
"Jun 29, 2015",401.9,60.06,135.122574,17548.61914,22.316912,59.006809,19723
"Jul 06, 2015",401.57,57.92,138.225708,18120.25,22.355875,58.183426,19259
"Jul 13, 2015",401.43,52.41,136.435074,17731.91992,21.469435,57.352116,19840
"Jul 20, 2015",400.38,51.69,141.469467,17745.98047,21.040823,55.032391,21007
"Jul 27, 2015",398.54,49.26,140.813278,17419.75,20.787556,54.929455,20246
"Aug 03, 2015",399.37,47.96,139.163254,17408.25,20.83626,53.06892,20185
"Aug 10, 2015",399.32,44.92,136.360092,16990.68945,20.709627,54.897785,20077
"Aug 17, 2015",399.04,43.21,132.619431,16654.76953,20.368687,50.274155,21375
"Aug 24, 2015",398.68,41.38,132.685059,16374.75977,20.144642,52.055519,19422
"Aug 31, 2015",397.96,40.79,135.516342,16330.40039,20.378428,50.50375,20265
"Sep 07, 2015",397.43,46.73,138.713211,16674.74023,20.329721,50.171234,19758
"Sep 14, 2015",397.52,45.16,131.428848,16201.32031,20.222569,49.95747,18554
"Sep 21, 2015",397.41,45.46,132.01947,16272.00977,20.251793,49.743755,20154
"Sep 28, 2015",398.56,45.52,138.360458,17050.75,20.699884,50.924129,19615
"Oct 05, 2015",398.37,45.01,138.633057,17141.75,20.73885,54.983711,18842
"Oct 12, 2015",398.71,48.33,139.150009,17489.16016,20.660919,55.215004,19463
"Oct 19, 2015",398.68,46.74,137.420593,17755.80078,20.582989,54.441376,19485
"Oct 26, 2015",399.26,45.32,138.313461,17863.42969,20.339462,54.257931,20264
"Nov 02, 2015",400.22,45.15,136.377335,17448.07031,20.095934,55.669613,19415
"Nov 09, 2015",400.55,45.97,139.911301,17732.75,20.056971,52.622944,19803
"Nov 16, 2015",400.58,42.64,138.285294,17813.39063,20.183603,53.356693,19465
"Nov 23, 2015",401,40.82,133.454285,17477.66992,20.300499,54.050568,19386
"Nov 30, 2015",401.52,42.34,129.798141,17574.75,20.095934,51.602066,19822
"Dec 07, 2015",402.55,40.9,127.495384,17495.83984,19.647842,48.220409,20252
"Dec 14, 2015",402.81,36.94,128.510468,17552.16992,19.949818,46.888493,20269
"Dec 21, 2015",402.28,35.77,127.049934,17425.0293,20.076452,49.550491,19767
"Dec 28, 2015",402.32,36.62,118.346077,16514.09961,19.540689,48.54451,20501
"Jan 04, 2016",402.65,37.08,115.045593,16379.04981,19.472504,45.108093,18285
"Jan 11, 2016",402.78,34.63,113.140747,15882.67969,19.491987,43.739956,18542
"Jan 18, 2016",403.33,30.59,113.291626,16069.63965,19.511467,44.858608,19984
"Jan 25, 2016",404.75,29.18,119.204231,16416.58008,19.511467,46.84642,21108
"Feb 01, 2016",403.98,32.19,116.394081,15660.17969,19.12182,45.019558,19146
"Feb 08, 2016",403.85,31.28,123.268517,16413.42969,19.345869,44.4884,19013
"Feb 15, 2016",404.59,28.15,124.93763,16697.28906,19.491987,45.719723,19726
"Feb 22, 2016",404.24,30.03,128.822769,16943.90039,19.608879,46.057747,20682
"Feb 29, 2016",404.18,32.27,127.436584,16995.13086,20.086195,49.059574,19165
"Mar 07, 2016",404.97,34.66,134.886246,17481.49023,20.602472,50.186272,19855
"Mar 14, 2016",405.85,37.81,133.962112,17515.73047,20.251793,51.095665,19287
"Mar 21, 2016",405.64,38.32,134.618393,17685.08984,20.066711,50.123112,19417
"Mar 28, 2016",406.78,40.15,129.636734,17541.96094,19.540689,49.490902,19479
"Apr 04, 2016",408.91,38.22,135.232834,17926.42969,19.793959,50.552692,19926
"Apr 11, 2016",407.64,37.26,135.724365,17982.51953,20.436874,51.501011,20019
"Apr 18, 2016",407.9,41.23,135.015396,17830.75977,20.329721,54.33786,20226
"Apr 25, 2016",407.73,42.08,129.995911,17660.71094,20.232311,54.710709,19808
"May 02, 2016",408.05,44.79,128.83316,17720.5,20.81678,52.903229,20229
"May 09, 2016",407.49,44.24,128.606323,17435.40039,20.50506,52.676281,19981
"May 16, 2016",408.51,45.45,131.101898,17828.28906,20.748589,53.624596,20792
"May 23, 2016",407.64,48.03,131.858139,17838.56055,21.167458,54.410805,20434
"May 30, 2016",407.04,49.01,134.10791,17985.18945,22.219498,53.932594,20339
"Jun 06, 2016",407.39,48.91,128.379471,17733.09961,21.966228,54.605347,19740
"Jun 13, 2016",406.85,50.18,130.118805,18011.07031,21.52788,54.216274,20807
"Jun 20, 2016",406.17,47.91,127.238304,17929.99023,21.498657,54.483532,19971
"Jun 27, 2016",405.75,49.02,127.361603,17895.88086,20.631697,55.968407,21176
"Jul 04, 2016",404.68,48.28,136.515121,18506.41016,21.216166,55.242275,20061
"Jul 11, 2016",403.59,46.15,133.754837,18517.23047,20.193344,56.48241,19432
"Jul 18, 2016",404.04,45.59,133.878174,18456.34961,19.930334,55.739971,20641
"Jul 25, 2016",403.68,44.75,131.516251,18352.05078,20.115417,54.973042,20764
"Aug 01, 2016",403.08,42.14,133.707413,18613.51953,20.086195,55.095436,20938
"Aug 08, 2016",402.05,40.83,135.168167,18597.69922,20.397911,56.049992,20672
"Aug 15, 2016",402.11,43.1,134.096298,18448.41016,20.125158,57.445137,20579
"Aug 22, 2016",401.16,47.17,135.111282,18419.30078,19.706289,56.604794,20729
"Aug 29, 2016",401.18,47.38,138.023285,18479.91016,19.949818,56.360027,20153
"Sep 05, 2016",401.47,45.13,133.337463,18212.48047,19.599138,56.865871,21328
"Sep 12, 2016",401.08,45.96,136.183136,18392.46094,20.027748,55.030159,20228
"Sep 19, 2016",400.94,44.34,136.135681,18143.44922,19.628361,55.518726,19436
"Sep 26, 2016",401.13,44.58,138.861313,18268.5,19.52121,57.956501,19278
"Oct 03, 2016",401.78,46.74,137.73912,18098.93945,19.560173,57.956501,20556
"Oct 10, 2016",401.86,49.52,137.339691,18162.34961,19.686806,57.291656,20743
"Oct 17, 2016",402.35,50.44,137.006821,18169.67969,20.164124,57.611763,19751
"Oct 24, 2016",403,50.62,137.891296,17930.66992,19.891373,56.938705,20524
"Oct 31, 2016",403,49.62,146.450668,18807.88086,19.686806,55.625435,19924
"Nov 07, 2016",403.79,45.52,150.540115,18903.82031,19.608879,57.012585,20183
"Nov 14, 2016",404.19,44.95,154.211136,19083.17969,19.754997,58.383301,19377
"Nov 21, 2016",404.75,45.16,154.82933,19191.92969,19.209494,59.688374,20063
"Nov 28, 2016",404.09,47.83,161.486618,19614.81055,19.306904,61.420273,19816
"Dec 05, 2016",405.02,48.9,158.738098,19852.24023,19.491987,62.87307,19109
"Dec 12, 2016",404.62,50.97,156.769455,19918.88086,19.316645,62.799221,18899
"Dec 19, 2016",404.96,51.93,155.783371,19819.7793,19.433538,62.999191,21401
"Dec 26, 2016",406.14,52.56,155.316376,19899.28906,19.891373,62.149296,20186
"Jan 02, 2017",406.2,53.86,156.869904,19891,20.105675,62.619621,17904
"Jan 09, 2017",406.41,53.34,157.279709,19732.40039,20.212828,61.373661,18578
"Jan 16, 2017",406.71,52.08,162.531265,20100.91016,20.076452,61.505699,20670
"Jan 23, 2017",406.43,51.84,156.164597,19884.91016,20.027748,61.249912,18625
"Jan 30, 2017",406.26,53.13,160.281967,20172.40039,20.037489,60.565029,19264
"Feb 06, 2017",406.14,53.34,162.807678,20619.76953,20.066711,60.466007,20774
"Feb 13, 2017",407.17,52.88,160.396362,20810.32031,19.949818,59.385094,18604
"Feb 20, 2017",407.6,53.2,162.283508,21002.9707,19.793959,58.576454,20322
"Feb 27, 2017",406.34,54.02,158.337662,20858.18945,19.423798,59.401588,19445
"Mar 06, 2017",407.77,53.57,157.994537,20934.55078,19.647842,57.767826,19880
"Mar 13, 2017",407.02,50.88,153.657944,20656.58008,19.628361,57.594547,19475
"Mar 20, 2017",408.6,48.5,156.927078,20728.49023,19.199751,56.910721,19255
"Mar 27, 2017",407.84,47.85,157.000748,20662.94922,19.053635,58.023033,19883
"Apr 03, 2017",409.03,49.31,152.576218,20453.25,19.190012,58.404877,19696
"Apr 10, 2017",409.84,51.27,156.943405,20578.71094,18.712694,57.533295,19868
"Apr 17, 2017",410.17,53.19,158.233551,20981.33008,19.014671,56.271553,19460
"Apr 24, 2017",409.39,51.08,157.440353,20951.4707,19.491987,56.313053,19133
"May 01, 2017",409.52,49.34,155.72023,20919.41992,19.482244,55.873108,19934
"May 08, 2017",410.6,47.21,151.888153,20663.01953,19.491987,56.238358,20571
"May 15, 2017",410.2,47.06,157.994644,21082.94922,19.37509,56.512276,19485
"May 22, 2017",409.77,49.25,160.106552,21144.17969,19.443279,55.292053,20787
"May 29, 2017",409.89,50.45,160.976196,21182.5293,19.550432,54.030312,20748
"Jun 05, 2017",409.63,48.5,162.237625,21359.90039,19.199751,55.134338,19306
"Jun 12, 2017",408.51,46.56,160.842407,21397.28906,18.469166,55.034721,19515
"Jun 19, 2017",407.95,45.29,163.097702,21287.0293,18.868553,53.808853,21069
"Jun 26, 2017",408.28,43.14,165.2397,21320.03906,19.540689,54.260185,19645
"Jul 03, 2017",407.26,44.67,167.386856,21553.08984,19.433538,53.499615,22240
"Jul 10, 2017",407.01,45.49,163.667587,21611.7793,19.725773,54.661373,19946
"Jul 17, 2017",406.92,45.51,158.558395,21796.55078,19.414057,54.418991,21191
"Jul 24, 2017",406.67,46.42,158.89386,22026.09961,19.219234,55.555687,21246
"Jul 31, 2017",405.73,48.35,157.781921,21844.00977,18.595802,54.861961,20620
"Aug 07, 2017",405.39,49.51,158.174942,21750.73047,18.176933,53.441109,21946
"Aug 14, 2017",404.74,49.11,155.864777,21783.40039,18.176933,52.087112,20937
"Aug 21, 2017",404.39,47.5,161.050674,21948.09961,18.15745,52.655457,20683
"Aug 28, 2017",403.89,47.74,161.64505,21784.7793,18.264605,53.140224,21435
"Sep 04, 2017",403.87,46.7,164.319427,22203.48047,18.371758,53.825573,20039
"Sep 11, 2017",403.25,48.6,167.291046,22359.23047,18.566578,55.029125,19707
"Sep 18, 2017",402.95,49.08,170.483047,22381.19922,18.352274,56.905445,20416
"Sep 25, 2017",403.15,50.2,171.194351,22775.39063,18.556835,57.989368,21092
"Oct 02, 2017",403.61,51.89,173.56778,22841.00977,18.576319,57.642181,19740
"Oct 09, 2017",404.14,50.21,170.915665,23163.03906,18.625027,57.701454,19677
"Oct 16, 2017",404.19,51.07,171.030991,23400.85938,18.722435,57.388142,19123
"Oct 23, 2017",404.34,51.71,169.138,23516.25977,18.907518,57.024006,19977
"Oct 30, 2017",404.44,52.62,164.612167,23461.93945,18.829588,58.158733,19161
"Nov 06, 2017",405.26,54.6,166.139999,23458.35938,18.566578,58.988609,21309
"Nov 13, 2017",406.31,57.13,166.745346,23526.17969,18.673733,57.100216,19762
"Nov 20, 2017",406.52,55.9,178.208954,24272.34961,18.58606,57.481281,19286
"Nov 27, 2017",406.94,56.98,179.823257,24211.48047,18.001595,59.005535,19657
"Dec 04, 2017",406.74,57.83,179.246704,24508.66016,17.767805,58.666813,19951
"Dec 11, 2017",406.99,57.02,184.320267,24782.28906,17.991852,58.192612,20458
"Dec 18, 2017",407.41,57.21,185.224945,24837.50977,18.23538,61.350548,21126
"Dec 25, 2017",407.57,57.91,188.681763,25075.13086,18.439943,61.597755,20791
"Jan 01, 2018",408.33,59.97,196.211716,25574.73047,18.118488,63.907883,19923
"Jan 08, 2018",408.08,61.17,195.730255,26017.81055,18.196417,65.996376,20628
"Jan 15, 2018",408.47,63.27,191.098694,26392.78906,18.254864,65.109833,20809
"Jan 22, 2018",408.07,63.86,189.259537,26186.71094,18.508133,66.073105,20661
"Jan 29, 2018",408.4,65.04,176.135086,23860.46094,18.371758,61.768238,21046
"Feb 05, 2018",408.56,65.21,182.990967,25200.36914,18.625027,56.832581,20849
"Feb 12, 2018",408.65,61.94,181.228882,24962.48047,18.547098,58.068638,20316
"Feb 19, 2018",409.09,60.42,179.755615,24608.98047,18.956224,58.648289,20462
"Feb 26, 2018",410.03,62.32,181.989563,24895.21094,18.975704,57.071259,19885
"Mar 05, 2018",408.91,62.16,184.42572,24873.66016,18.780884,58.349926,20456
"Mar 12, 2018",409.32,61.7,179.428223,23957.89063,18.362015,57.378143,20946
"Mar 19, 2018",410.22,61.31,180.711365,24103.10938,18.32305,57.323074,20629
"Mar 26, 2018",409.39,64.16,181.629303,24505.2207,18.33279,57.872528,20903
"Apr 02, 2018",409.65,65.01,179.948074,24483.05078,18.478909,57.821007,21203
"Apr 09, 2018",411.26,63.1,185.581116,24664.89063,18.508133,61.306587,19806
"Apr 16, 2018",411.88,66.04,181.281418,24322.33984,18.478909,62.929184,21409
"Apr 23, 2018",409.86,67.58,178.527725,23930.15039,19.034153,63.37561,19023
"Apr 30, 2018",411.26,68.14,184.701859,24739.5293,18.556835,63.401348,20163
"May 07, 2018",412.07,68.38,187.185013,24713.98047,18.176933,65.873886,20571
"May 14, 2018",411.65,70.6,189.165787,24811.75977,18.732178,67.05864,20523
"May 21, 2018",411.61,71.31,187.542542,24415.83984,18.712694,64.028076,20635
"May 28, 2018",411.14,70.96,189.194748,25241.41016,18.099005,65.573395,20916
"Jun 04, 2018",411.36,67.13,192.199707,25175.31055,17.943148,66.019829,18454
"Jun 11, 2018",410.56,65.34,188.933884,24461.69922,17.660654,63.676083,21789
"Jun 18, 2018",410.76,66.21,179.25238,24216.05078,17.309975,64.953247,20203
"Jun 25, 2018",409.6,66.25,181.906479,24356.74023,17.202822,65.636047,20273
"Jul 02, 2018",409.35,71.79,182.933578,24924.89063,16.949551,65.402679,21241
"Jul 09, 2018",408.74,73.79,187.497482,25064.5,16.871624,65.912636,19911
"Jul 16, 2018",408.48,71.94,191.62532,25527.07031,17.095669,64.7285,21328
"Jul 23, 2018",407.65,68.96,192.720291,25326.16016,16.930071,66.232414,21727
"Jul 30, 2018",407.42,68.8,194.270676,25509.23047,17.037222,65.031029,20576
"Aug 06, 2018",407.26,68.8,195.268707,25558.73047,16.842402,65.074234,20940
"Aug 13, 2018",407.03,67.91,196.673706,25656.98047,16.550165,62.757862,20203
"Aug 20, 2018",406.3,66.12,197.584549,25986.91992,16.41379,64.425987,21563
"Aug 27, 2018",405.68,67.64,198.408203,25995.86914,16.569649,64.339569,22144
"Sep 03, 2018",405.58,69.39,200.094208,26145.99023,16.637836,62.922089,21616
"Sep 10, 2018",405.88,68.78,201.111618,26656.98047,16.637836,64.18399,20567
"Sep 17, 2018",405.74,68.95,198.311325,26439.92969,16.452755,64.910019,20989
"Sep 24, 2018",405.69,70.29,197.345871,26627.48047,16.706024,65.913307,20001
"Oct 01, 2018",405.77,72.26,181.658081,25052.83008,16.871624,67.149063,20221
"Oct 08, 2018",406.2,75.12,181.813492,25379.44922,17.095669,63.528797,19810
"Oct 15, 2018",406.81,72.95,176.218338,24984.55078,17.10541,62.249516,20012
"Oct 22, 2018",406.67,70.24,181.230667,25380.74023,17.163858,57.854725,21546
"Oct 29, 2018",407.18,67.47,186.437271,26191.2207,17.046965,58.794598,21059
"Nov 05, 2018",408.94,65.07,185.844742,25289.26953,16.793695,59.612633,20459
"Nov 12, 2018",408.78,61.57,181.454071,24464.68945,16.793695,58.463902,22421
"Nov 19, 2018",408.58,56.96,187.214355,25338.83984,16.842402,55.618156,21208
"Nov 26, 2018",408.68,53.97,181.599792,24947.66992,16.803434,57.53273,20563
"Dec 03, 2018",409.6,51.17,169.63237,24597.38086,16.959293,55.757401,20578
"Dec 10, 2018",409.51,52.64,157.781509,22859.59961,16.696281,54.03429,21479
"Dec 17, 2018",409.33,51.52,160.489792,23138.82031,16.462496,48.830151,22361
"Dec 24, 2018",409.8,46.96,155.627945,22686.2207,16.707588,50.112602,20763
"Dec 31, 2018",410.86,44.24,168.703278,24001.91992,16.914341,52.589687,19093
"Jan 07, 2019",410.55,46.48,170.905258,24370.09961,16.934032,54.469456,19769
"Jan 14, 2019",412.19,50.97,172.386215,24553.24023,16.924187,56.076927,20912
"Jan 21, 2019",411.23,52.16,176.195816,24999.66992,16.658361,55.27758,21494
"Jan 28, 2019",411.83,53.16,178.75827,25169.5293,16.687899,56.999241,20835
"Feb 04, 2019",412.63,53.72,184.828293,25439.39063,16.451607,55.286366,21826
"Feb 11, 2019",411.19,53.52,186.494354,25850.63086,16.471298,58.079674,19169
"Feb 18, 2019",412.62,53.88,183.94162,25916,16.185783,57.763447,20767
"Feb 25, 2019",412.37,56.56,178.621872,25473.23047,15.959339,58.369537,21494
"Mar 04, 2019",412.37,56.19,181.856598,25709.93945,16.215319,56.129623,20487
"Mar 11, 2019",412.02,56.42,180.32695,25962.50977,16.559908,57.54385,20773
"Mar 18, 2019",411.53,57.81,181.419281,25717.46094,16.392536,57.959759,21470
"Mar 25, 2019",412.4,59.39,187.850739,26384.63086,16.727278,58.535194,20111
"Apr 01, 2019",413.35,59.52,189.600311,26143.05078,16.500835,59.854275,20029
"Apr 08, 2019",413.82,62.36,193.109253,26559.53906,16.471298,59.810001,20307
"Apr 15, 2019",413.99,64.09,190.519089,26462.08008,15.93965,59.482456,19887
"Apr 22, 2019",414.52,63.84,189.717621,26307.78906,15.870732,58.623718,20420
"Apr 29, 2019",414.54,65.28,187.010147,25828.35938,15.388309,56.879704,20107
"May 06, 2019",415.62,62.95,186.60939,25862.67969,15.821505,56.702648,20420
"May 13, 2019",414.97,61.83,179.06369,25490.4707,15.860887,56.437061,19454
"May 20, 2019",414.52,62.09,174.929214,25169.88086,16.49099,54.551399,19649
"May 27, 2019",414.62,60.81,177.793045,25720.66016,16.38269,52.028328,21419
"Jun 03, 2019",414.31,57.33,182.494461,26106.76953,16.510681,54.241554,19398
"Jun 10, 2019",414.09,53,183.090698,26753.16992,16.500835,54.011375,21121
"Jun 17, 2019",413.65,52.49,181.837921,26526.58008,16.49099,56.268856,20816
"Jun 24, 2019",413.66,54.73,185.681152,26966,16.431919,56.916473,20880
"Jul 01, 2019",412.32,58.6,183.259506,27088.08008,16.510681,56.362587,20756
"Jul 08, 2019",412.38,57.51,185.847839,27222.9707,16.156248,57.56863,21261
"Jul 15, 2019",411.08,59.27,188.573395,27140.98047,16.166092,56.067776,20260
"Jul 22, 2019",410.29,56.98,184.024246,26583.41992,15.506454,55.790829,21549
"Jul 29, 2019",410.56,56.22,182.181076,26378.18945,15.437536,53.959431,21287
"Aug 05, 2019",410.5,56.62,172.298462,25579.39063,14.896041,52.798038,21484
"Aug 12, 2019",409.8,53.29,177.984863,26252.24023,14.886195,50.939838,22055
"Aug 19, 2019",409.68,55.32,178.543732,26362.25,14.76805,49.99287,21004
"Aug 26, 2019",409.07,55.55,183.377167,26728.15039,14.689288,51.350792,22225
"Sep 02, 2019",408.84,55.23,189.445938,27182.44922,15.161865,52.735512,21627
"Sep 09, 2019",408.74,55.62,185.710571,27094.78906,15.270164,54.566914,21426
"Sep 16, 2019",408.55,56.19,183.337967,26891.11914,15.496608,54.745583,20278
"Sep 23, 2019",408.2,59.31,175.533905,26201.03906,15.634443,53.758747,21199
"Sep 30, 2019",408.61,56.95,178.044205,26496.66992,15.44738,51.730282,20762
"Oct 07, 2019",408.85,53.12,185.565262,27025.88086,15.654133,52.190067,21412
"Oct 14, 2019",408.95,53.24,188.725296,26805.5293,15.595061,51.414742,20938
"Oct 21, 2019",409.52,53.49,185.78186,27046.23047,15.693515,53.659573,21171
"Oct 28, 2019",410.13,55.27,196.000244,27674.80078,15.83135,53.443203,21644
"Nov 04, 2019",410.42,55.36,192.101898,27781.96094,15.93965,54.714371,21077
"Nov 11, 2019",410.41,56.9,189.030472,27766.28906,15.791969,54.16444,21515
"Nov 18, 2019",410.95,57.05,193.775436,28164,15.83135,53.939049,21275
"Nov 25, 2019",411.29,57.14,187.268326,27677.78906,15.93965,53.091602,21128
"Dec 02, 2019",411.55,57.56,191.15683,28132.05078,16.333464,53.839882,21108
"Dec 09, 2019",412.11,57.62,190.861496,28376.96094,16.294083,54.371792,18368
"Dec 16, 2019",412.43,59.25,193.939301,28621.39063,16.116867,55.318405,21810
"Dec 23, 2019",413.21,60.75,194.670013,28868.80078,16.5,56.149452,21351
"Dec 30, 2019",413.6,61.26,195.311874,28956.90039,16.35,54.984226,19955
"Jan 06, 2020",413.02,62.12,200.288727,29297.64063,16.35,56.075386,19366
"Jan 13, 2020",413.87,60.84,197.346085,29160.08984,16.41,55.428467,19047
"Jan 20, 2020",414.26,58.24,191.944611,28859.43945,15.74,53.084572,21474
"Jan 27, 2020",414.53,56.22,192.714828,29379.76953,15.77,50.103134,19598
"Feb 03, 2020",414.63,52.73,194.837906,29423.31055,15.91,50.609417,20810
"Feb 10, 2020",414.29,50.35,195.677261,29219.98047,15.95,51.171955,20965
"Feb 17, 2020",413.95,50.83,168.581039,25766.64063,15.35,50.759426,19602
"Feb 24, 2020",414.09,53.13,160.24678,26121.2793,15.23,42.443279,19870
"Mar 02, 2020",414.34,48.38,129.240204,21200.61914,14.27,39.846241,21265
"Mar 09, 2020",414.51,45.58,125.596436,20087.18945,13.88,30.180012,21875
"Mar 16, 2020",415.78,32.34,142.225433,22552.16992,14.47,24.245268,21456
"Mar 23, 2020",415.98,24.73,132.398743,21413.43945,13.6,26.561037,19420
"Mar 30, 2020",416.68,23.19,146.488144,23719.36914,13.78,28.593195,17852
"Apr 06, 2020",416.51,22.91,141.887726,23537.67969,13.49,32.504036,14437
"Apr 13, 2020",416.12,24.39,141.222015,23515.25977,13.56,32.542374,13797
"Apr 20, 2020",417.05,20.11,148.962234,24345.7207,13.69,33.184593,14103
"Apr 27, 2020",417.06,3.92,141.808228,23875.89063,13.85,34.363594,15763
"May 04, 2020",417.03,15.76,138.370331,23625.33984,13.53,37.172112,15354
"May 11, 2020",417.21,23.45,148.972168,24474.11914,13.57,34.497791,16814
"May 18, 2020",417.67,26.44,158.888428,25400.64063,13.67,36.884552,16586
"May 25, 2020",417.44,33,168.943771,26281.82031,13.82,37.152939,15958
"Jun 01, 2020",416.58,34.09,155.927444,25128.16992,13.6,42.980854,15066
"Jun 08, 2020",416.5,37.3,162.127594,26080.09961,13.49,38.168991,17573
"Jun 15, 2020",416.28,37.87,158.916229,25745.59961,13.42,37.929356,17290
"Jun 22, 2020",415.67,38.41,163.06102,25827.35938,13.63,34.996231,18348
"Jun 29, 2020",415.47,39.21,161.436966,25706.08984,13.71,36.250793,17353
"Jul 06, 2020",414.76,39.86,172.82515,26734.71094,13.66,34.5033,18120
"Jul 13, 2020",414.11,40.46,172.496353,26652.33008,13.73,35.619751,18480
"Jul 20, 2020",413.45,40.59,174.807861,26313.65039,13.96,36.415833,17654
"Jul 27, 2020",413.4,41.41,182.300339,27386.98047,14.14,34.979004,19094
"Aug 03, 2020",412.98,40.82,192.034576,27896.7207,14.28,36.095459,17912
"Aug 10, 2020",412.62,41.61,192.193985,27739.73047,14.31,37.075996,19369
"Aug 17, 2020",412.19,42.09,197.733658,28492.26953,14.6,34.979004,17159
"Aug 24, 2020",411.82,42.73,197.31517,28292.73047,14.67,35.377045,19619
"Aug 31, 2020",411.6,43.07,197.673859,27534.58008,14.72,33.852844,16979
"Sep 07, 2020",411.7,41.6,204.399155,27901.98047,14.89,31.668472,18678
"Sep 14, 2020",411.23,37.36,195.960144,26815.43945,14.62,32.629597,17027
"Sep 21, 2020",411.29,39.56,198.229706,27816.90039,14.65,29.29965,18439
"Sep 28, 2020",411.28,39.88,207.813248,28425.50977,14.91,28.923168,17447
"Oct 05, 2020",411.35,39.18,211.946152,28494.19922,14.87,30.383636,18345
"Oct 12, 2020",411.75,40.33,207.48381,28363.66016,14.92,29.791553,19475
"Oct 19, 2020",411.71,40.5,197.59079,26659.10938,14.54,29.988913,18112
"Oct 26, 2020",411.99,40.56,205.587067,28390.17969,14.81,28.340954,19631
"Nov 02, 2020",412.98,37.5,208.482101,29080.16992,15.01,28.548183,18362
"Nov 09, 2020",412.76,37.91,217.596451,29483.23047,15.4,33.432854,20180
"Nov 16, 2020",414.07,40.87,222.59787,29872.4707,15.48,35.337383,19564
"Nov 23, 2020",413.97,41.7,221.978928,29969.51953,15.38,38.396469,19156
"Nov 30, 2020",413.63,44.56,223.875671,29999.25977,15.34,40.093769,18468
"Dec 07, 2020",414.15,45.41,222.59787,30303.36914,15.61,40.577297,18534
"Dec 14, 2020",414.84,46.05,220.75,30199.86914,15.83,38.880001,19335
"Dec 21, 2020",415.33,47.98,220.539993,30606.48047,16.139999,37.616894,19088
"Dec 28, 2020",415.38,47.78,226.050003,31041.13086,16.120001,37.900002,19317
"Jan 04, 2021",415.07,48.14,231.460007,30991.51953,16.51,41.419998,17054
"Jan 11, 2021",415.42,50.25,227.600006,31176.00977,16.469999,42.75,19607
"Jan 18, 2021",416.01,52.86,219.029999,30603.35938,16.299999,42.07,19642
"Jan 25, 2021",417.12,52.91,223.820007,31055.85938,16.559999,39.32,19681
"Feb 01, 2021",416.92,52.55,228.149994,31430.69922,16.66,42.560001,18528
"Feb 08, 2021",416.51,55.42,229.860001,31493.33984,16.950001,44.669998,20183
,,,,,,,
,,,,,,,
,,,,,,,
